page_id,url,title,title_length,is_https,images_without_alt_count,content_type,page_link_count,duplicate_content_flag,status_code,meta_description,load_time,h2_count,broken_link_count,audit_id,h1_count,crawl_depth,h2,image_link_count,h1,external_link_count,has_structured_data,internal_link_count,is_mobile_friendly,meta_description_length,has_meta_keywords
1,https://www.mimeanalytics.com/,Mimeanalytics – Marketing ROI,29,True,0,,,,200,,,0,,38,3,0,,18,"Leaders in Data

Management & Strategy
How we help
Our growing global presence",0,False,0,False,0,False
2,https://www.mimeanalytics.com/,Mimeanalytics – Marketing ROI,29,True,0,,,,200,,,0,,38,3,0,,18,"Leaders in Data

Management & Strategy
How we help
Our growing global presence",0,False,0,False,0,False
3,https://www.mimeanalytics.com/?s=,Search Results for “” – Mimeanalytics,37,True,0,,,,200,,,0,,38,0,1,,1,,0,False,0,False,0,False
4,https://www.mimeanalytics.com/contact/,Contact – Mimeanalytics,23,True,0,,,,200,,,0,,38,1,1,,20,,0,False,0,False,0,False
5,https://www.mimeanalytics.com/our-story/,Our Story – Mimeanalytics,25,True,0,,,,200,,,0,,38,1,1,,3,Our Story,0,False,0,False,0,False
6,https://www.mimeanalytics.com/case-studies/,Case Studies – Mimeanalytics,28,True,0,,,,200,,,14,,38,1,1,"The information I need is not centralised so finding it is frustrating. And our data is often dirty when I do locate it.”
My campaigns get reported in TARPS and Reach / Frequency but that doesn’t relate to business performance for my company.”
The potential for our business runs into the tens of millions of Euros of value in additional sales and media savings.”
Mime challenged our assumptions, closed the knowledge gap, and drove outstanding bottom line results.”
Mime quickly helped us build a clear, practical media strategy that increased the value of our advertising investment by over 20%.”
Underperforming advertising returns
Our approach
Critical decisions made
Marginal, at best, ROI
Bespoke strategy and

methods we invoked
Critical decisions made
Retail banking is highly competitive – consumers struggle to differentiate between brands
Our approach
Critical decisions made",19,Clients typically get 30% better ROI,0,False,0,False,0,False
7,https://www.mimeanalytics.com/our-solutions/,Our Solutions – Mimeanalytics,29,True,0,,,,200,,,0,,38,1,1,,4,Our Solutions,0,False,0,False,0,False
8,https://www.mimeanalytics.com/contact/?s=,Contact – Mimeanalytics,23,True,0,,,,200,,,0,,38,1,2,,3,,0,False,0,False,0,False
9,https://www.mimeanalytics.com/our-story/?s=,Our Story – Mimeanalytics,25,True,0,,,,200,,,0,,38,1,2,,3,Our Story,0,False,0,False,0,False
10,https://www.mimeanalytics.com/our-solutions/?s=,Our Solutions – Mimeanalytics,29,True,0,,,,200,,,0,,38,1,2,,4,Our Solutions,0,False,0,False,0,False
11,https://www.mimeanalytics.com/case-studies/?s=,Case Studies – Mimeanalytics,28,True,0,,,,200,,,14,,38,1,2,"The information I need is not centralised so finding it is frustrating. And our data is often dirty when I do locate it.”
My campaigns get reported in TARPS and Reach / Frequency but that doesn’t relate to business performance for my company.”
The potential for our business runs into the tens of millions of Euros of value in additional sales and media savings.”
Mime challenged our assumptions, closed the knowledge gap, and drove outstanding bottom line results.”
Mime quickly helped us build a clear, practical media strategy that increased the value of our advertising investment by over 20%.”
Underperforming advertising returns
Our approach
Critical decisions made
Marginal, at best, ROI
Bespoke strategy and

methods we invoked
Critical decisions made
Retail banking is highly competitive – consumers struggle to differentiate between brands
Our approach
Critical decisions made",19,Clients typically get 30% better ROI,0,False,0,False,0,False
